variant_id	hgvs_g
2489	NC_000003.11:g.10191648_10191649insC
1988	NC_000003.11:g.10191649A>T
2488	3-10191647-T-G
1986	NC_000003.11:g.10191648G>T
1987	NC_000003.11:g.10191649A>G
2152	NC_000003.11:g.10191719C>A
2024	3-10191656-C-G
2028	NC_000003.11:g.10188221_10188222delinsAT
3194	3-10188222-C-T
820	NC_000003.11:g.10188302G>T
1744	NC_000003.11:g.10188302G>A
2042	NC_000003.11:g.10188302delG
3173	NC_000003.11:g.10183681C>G
771	NC_000003.11:g.10183695_10183696insG
793	NC_000003.11:g.10183695_10183696insA
1785	NC_000003.11:g.10183697_10183698insA
2528	NC_000003.11:g.10191493C>A
1773	NC_000003.11:g.10191492G>T
1772	NC_000003.11:g.10191491T>C
1774	NC_000003.11:g.10191493C>G
1824	NC_000003.11:g.10191492G>A
2035	NC_000003.11:g.10191490del
3096	NC_000003.12:g.10142077_10142078insTCT
2123	NC_000003.11:g.10183760_10183762del
1813	NC_000003.11:g.10188219A>G
2154	NC_000003.11:g.10188218G>C
2446	NC_000003.11:g.10188218delG
3133	3-10188218-G-A
2554	NC_000003.11:g.10188234A>G
2533	NC_000003.11:g.10188233G>A
2053	NC_000003.11:g.10188233G>T
3040	3-10188286-C-T
3123	NC_000003.11:g.10191542G>A
2579	NC_000007.13:g.50450370del
2141	NC_000003.11:g.10191596del
2105	NC_000003.11:g.10191596G>A
2126	NC_000003.11:g.10191599_10191600del
2449	NC_000003.11:g.10183806A>G
2514	3-10183806-A-CC
1694	NC_000003.11:g.10183567G>C
1884	NC_000003.11:g.10188257G>T
2524	NC_000003.12:g.10146575_10146601del
2245	NC_000003.11:g.10191485G>T
1919	NC_000003.11:g.10191486_10191487delAG
2502	NC_000003.11:g.10191486A>T
2098	NC_000003.12:g.10149800del
2527	NC_000003.11:g.10191487delG
1976	NC_000003.11:g.10191524G>T
1777	NC_000003.11:g.10191563G>T
1778	NC_000003.11:g.10191563G>A
1829	NC_000003.11:g.10191565_10191567del
1869	NC_000003.11:g.10191572del
1733	NC_000003.11:g.10183667G>T
2466	NC_000003.11:g.10183685G>T
1734	NC_000003.11:g.10183685G>A
1736	NC_000003.11:g.10183694G>T
794	NC_000003.11:g.10183696G>A
764	NC_000003.11:g.10183694_10183695del
766	NC_000003.11:g.10183694del
1834	NC_000003.11:g.10183739G>T
1956	NC_000003.11:g.10183739G>A
1794	NC_000003.11:g.10183811G>T
2127	NC_000003.11:g.10183810del
2173	NC_000003.11:g.10183811G>A
2475	NC_000003.11:g.10188212T>C
1743	NC_000003.11:g.10188214C>G
2119	NC_000003.11:g.10188213T>C
1945	NC_000003.11:g.10188211_10188212del
1814	NC_000003.11:g.10188264T>G
1801	NC_000003.11:g.10188264T>C
1749	NC_000003.11:g.10183757T>A
2107	NC_000003.11:g.10183759C>G
1835	NC_000003.11:g.10183758T>C
2088	NC_000003.11:g.10183758_10183760del
1926	NC_000003.11:g.10183758_10183760delTCT
2294	NC_000003.11:g.10183804C>G
2293	NC_000003.11:g.10183843C>G
2043	NC_000003.11:g.10183842G>C
2428	NC_000003.11:g.10183842G>T
1797	NC_000003.11:g.10183871G>T
1857	NC_000003.11:g.10183871G>C
2026	NC_000003.11:g.10183871G>A
2491	NC_000003.11:g.10188198G>T
2555	NC_000003.11:g.10188238delG
1850	NC_000003.11:g.10188287G>T
2290	3-10188288-G-A
2059	NC_000003.11:g.10188287G>A
3197	3-10188287-G-C
3247	NC_000003.12:g.10146602_10146612del
2560	NC_000003.11:g.10188288delG
1737	NC_000003.11:g.10183645del
2008	NC_000003.11:g.10183808G>T
1858	NC_000003.11:g.10183809G>A
1920	NC_000003.11:g.10183808G>C
1859	NC_000003.11:g.10183808G>A
2009	NC_000003.11:g.10183809G>T
2463	NC_000003.11:g.10183860A>C
2516	NC_000003.11:g.10183860del
2520	NC_000003.11:g.10188200delC
1885	NC_000003.11:g.10188201A>C
1742	NC_000003.11:g.10188202C>A
1957	NC_000003.11:g.10188202C>G
2000	NC_000003.11:g.10188201A>G
1921	NC_000003.11:g.10188200C>T
2057	NC_000003.11:g.10188201del
2060	NC_000003.11:g.10188231A>C
3122	NC_000003.11:g.10188230C>T
2425	NC_000003.11:g.10191578C>G
1958	NC_000003.11:g.10191578del
1922	NC_000003.11:g.10183857del
2291	NC_000003.11:g.10188297T>C
2038	NC_000003.11:g.10188296A>G
2150	NC_000003.11:g.10188308A>T
2030	NC_000003.11:g.10188310C>G
2476	3-10188309-T-A
2250	NC_000003.11:g.10188309T>G
1871	NC_000003.11:g.10188309T>C
2246	NC_000003.11:g.10191546T>A
3012	NC_000003.11:g.10191546T>C
1807	NC_000003.11:g.10191545A>G
2329	NC_000003.12:g.10149938delinsAA
3146	3-10183755-T-G
1862	NC_000003.11:g.10191482A>G
2137	3-10191481-GAA-C
1913	NC_000003.11:g.10191593A>T
2147	NC_000003.11:g.10191593A>G
1838	NC_000003.11:g.10183832_10183833delinsGG
1860	NC_000003.11:g.10183833T>G
1820	NC_000003.11:g.10188203C>G
1798	NC_000003.11:g.10188210T>C
1822	NC_000003.11:g.10188210T>G
1841	NC_000003.11:g.10188209_10188210insA
1851	NC_000003.11:g.10188238_10188239delinsTT
3066	3-10188239-C-T
2157	NC_000003.11:g.10188240T>C
1886	NC_000003.11:g.10188240T>G
3068	NC_000003.11:g.10188238del
2034	NC_000003.11:g.10188243T>C
2508	NC_000003.11:g.10188243T>C
1769	NC_000003.11:g.10188261T>A
1906	NC_000003.11:g.10188261del
2559	NC_000003.11:g.10188276delT
1923	NC_000003.11:g.10188315T>C
1738	NC_000003.11:g.10191480T>C
2467	NC_000003.11:g.10191480T>A
1803	NC_000003.11:g.10191479C>G
2505	NC_000003.11:g.10191494C>T
2033	NC_000003.11:g.10191495T>A
3198	NC_000003.11:g.10191494C>A
2478	NC_000003.11:g.10191495T>C
2563	NC_000003.11:g.10191495delT
3097	NC_000003.11:g.10191512C>T
1887	NC_000003.11:g.10191513T>C
2326	NC_000003.12:g.10149828_10149833del
1748	NC_000003.11:g.10191540T>C
1997	NC_000003.11:g.10191540T>A
1888	NC_000003.11:g.10191540T>G
2070	NC_000003.11:g.10191558T>A
1776	NC_000003.11:g.10191558T>C
1808	NC_000003.11:g.10191558T>G
1852	NC_000003.11:g.10191570T>C
1861	NC_000003.11:g.10191570T>A
1924	NC_000003.11:g.10191570T>G
1836	NC_000003.11:g.10191569C>G
2139	NC_000003.11:g.10191569del
1828	NC_000003.11:g.10191570del
2501	NC_000003.11:g.10191600T>C
2010	NC_000003.11:g.10191600T>A
2247	NC_000003.11:g.10191600T>G
2543	NC_000003.11:g.10191599del
1944	NC_000003.11:g.10183719T>C
2020	NC_000003.11:g.10183785T>C
2308	NC_000003.11:g.10183797T>A
1793	NC_000003.11:g.10183797T>C
2549	3-10183797-T-G
847	NC_000003.11:g.10183531_10183551del
848	NC_000003.11:g.10183534G>A
846	NC_000003.11:g.10183532_10183548del
2868	NC_000003.11:g.10191638A>C
2177	NC_000003.11:g.10183693G>C
829	NC_000003.11:g.10183693_10183697del
1953	NC_000003.11:g.10188250C>A
2460	NC_000003.11:g.10188250C>G
2001	NC_000003.11:g.10188249A>G
2580	NC_000003.11:g.10188249A>C
1800	NC_000003.11:g.10188247_10188248del
1868	NC_000003.11:g.10188250_10188251delinsA
2317	NC_000003.11:g.10188277delC
2318	NC_000003.12:g.10146595_10146601del
1917	NC_000003.11:g.10188279_10188297del
2162	NC_000003.11:g.10188306A>G
2561	NC_000003.12:g.10146620del
1770	NC_000003.12:g.10146622del
2112	NC_000003.11:g.10183763A>G
1754	NC_000003.11:g.10183763A>C
2037	NC_000003.11:g.10183764A>T
1755	NC_000003.11:g.10183764A>G
1756	NC_000003.11:g.10183764A>C
2113	NC_000003.11:g.10183763A>T
849	NC_000003.11:g.10183550A>G
2878	NC_000003.11:g.10183799A>C
2149	NC_000003.11:g.10183800A>T
2058	NC_000003.11:g.10183836del
1927	NC_000003.11:g.10183838C>G
1795	NC_000003.11:g.10183840_10183841del
2118	NC_000003.11:g.10183839C>T
2866	3-10188271-A-G
2120	NC_000003.11:g.10188270C>T
2440	NC_000003.11:g.10188270C>G
1928	NC_000003.11:g.10188269C>A
2055	NC_000003.12:g.10146610del
1962	NC_000003.11:g.10188319A>C
1782	NC_000003.11:g.10188318C>T
2427	NC_000003.11:g.10188317C>T
1771	NC_000003.11:g.10188319del
2005	NC_000003.11:g.10191523del
2064	NC_000003.11:g.10191581C>T
1864	NC_000003.11:g.10191582del
850	NC_000003.11:g.10183605C>T
2430	NC_000003.11:g.10183650C>G
1930	NC_000003.11:g.10183706C>T
851	NC_000003.11:g.10183704_10183705insC
1929	NC_000003.11:g.10183707del
1931	NC_000003.11:g.10183714C>G
2145	NC_000003.11:g.10183713_10183716del
2084	NC_000003.11:g.10183773C>T
1837	NC_000003.11:g.10183772C>T
1759	NC_000003.11:g.10183787C>G
2307	NC_000003.11:g.10183788C>A
1760	NC_000003.11:g.10183788C>T
1849	NC_000003.11:g.10183788C>G
1902	NC_000003.11:g.10183787C>T
1758	NC_000003.11:g.10183785_10183786insC
2117	NC_000003.11:g.10183815C>G
2128	NC_000003.11:g.10183822C>G
2069	NC_000003.11:g.10183821C>T
1994	NC_000003.11:g.10188251C>T
1882	3-10188252-A-C
2125	NC_000003.11:g.10188252A>C
1883	NC_000003.11:g.10188290C>T
1781	NC_000003.11:g.10188292_10188293delGC
1845	NC_000003.11:g.10191497C>T
1943	3-10191499-G-C
2880	NC_000003.11:g.10191499G>T
2079	NC_000003.11:g.10191498A>T
1856	NC_000003.11:g.10191498A>G
1810	NC_000003.11:g.10191590C>T
1752	NC_000003.11:g.10183748C>T
2041	NC_000003.11:g.10183748del
1848	NC_000003.11:g.10183817C>T
1818	NC_000003.11:g.10183818A>C
3246	NC_000003.12:g.10142135_10142137del
2007	NC_000003.11:g.10183850C>G
2044	NC_000003.11:g.10183851G>A
1840	NC_000003.11:g.10183851G>C
1796	NC_000003.11:g.10183868C>T
2143	NC_000003.11:g.10183868delC
2877	3-10188215-A-T
1914	NC_000003.11:g.10188215A>G
2494	3-10188216-G-C
3244	NC_000003.12:g.10146531_10146532insAC
1804	NC_000003.11:g.10191488C>T
2148	NC_000003.11:g.10191488C>A
1915	NC_000003.11:g.10191488C>G
1855	NC_000003.11:g.10191489G>C
1746	NC_000003.11:g.10191489G>A
1805	NC_000003.11:g.10191506C>G
1916	NC_000003.11:g.10191507G>T
2458	NC_000003.11:g.10191507G>C
1739	NC_000003.11:g.10191507G>A
1747	NC_000003.11:g.10191506C>T
1975	3-10191506-CGGAGC-T
1780	NC_000003.11:g.10191533del
1827	NC_000003.11:g.10191536A>T
1907	NC_000003.11:g.10191535del
631	NC_000003.11:g.10191605C>T
2302	NC_000003.11:g.10183709_10183710del
1867	NC_000003.11:g.10183722G>C
2175	NC_000003.11:g.10183766C>T
1791	NC_000003.11:g.10183767G>C
2241	NC_000003.11:g.10183775C>T
2532	NC_000003.11:g.10183775C>G
2110	NC_000003.11:g.10183776G>T
1980	NC_000003.11:g.10183776G>C
2089	NC_000003.11:g.10183774_10183782del
1853	NC_000003.11:g.10183861_10183862delinsTT
2045	NC_000003.11:g.10183862A>T
1762	NC_000003.12:g.10142178del
2243	NC_000003.11:g.10183862A>G
1763	NC_000003.11:g.10183863G>A
2156	NC_000003.11:g.10183862A>C
2003	NC_000003.11:g.10183864C>A
1764	NC_000003.11:g.10183864C>G
2517	NC_000003.11:g.10183863del
2541	NC_000003.11:g.10188273C>T
2004	NC_000003.11:g.10191510delG
1941	NC_000003.11:g.10191510G>C
1784	NC_000003.11:g.10191555C>A
2161	NC_000003.11:g.10191555C>T
2503	NC_000003.11:g.10191555C>G
2100	NC_000003.11:g.10191555del
3135	3-10183643-T-C
1811	NC_000003.11:g.10183725C>A
2011	NC_000003.11:g.10183724T>G
2130	NC_000003.11:g.10183725delC
1788	NC_000003.11:g.10183725C>T
1903	NC_000003.11:g.10183724T>C
3048	NC_000003.11:g.10183724T>A
1751	NC_000003.11:g.10183725C>G
1787	NC_000003.11:g.10183725C>G
2122	NC_000003.11:g.10183734C>A
1873	NC_000003.11:g.10183733T>C
2012	NC_000003.11:g.10183734C>G
1904	NC_000003.11:g.10183745T>C
1816	NC_000003.12:g.10142061del
2106	NC_000003.11:g.10183769A>G
1757	NC_000003.11:g.10183770G>T
1874	NC_000003.11:g.10183770G>A
1963	NC_000003.11:g.10183769A>C
1792	3-10183771-T-G
2512	NC_000003.11:g.10183770_10183776del
2511	NC_000003.11:g.10183770del
2534	NC_000003.11:g.10183874_10183881delinsCG
2104	NC_000003.11:g.10183876G>C
2461	NC_000003.11:g.10188323A>C
2065	NC_000003.12:g.10146639A>G
2146	NC_000003.11:g.10188323A>T
2292	NC_000003.11:g.10188328C>T
1681	NC_000009.11:g.5070054T>G
2114	NC_000003.11:g.10183872G>A
2074	NC_000003.11:g.10183872G>T
2017	NC_000003.12:g.10146513G>A
2454	NC_000003.12:g.10146513G>T
2133	NC_000003.11:g.10188196A>C
2504	NC_000003.11:g.10188196A>G
1972	NC_000003.11:g.10188321G>A
1998	NC_000003.11:g.10188321G>C
2048	NC_000003.11:g.10188321G>T
2075	NC_000003.11:g.10188322T>C
1974	NC_000003.11:g.10191470G>A
2077	NC_000003.11:g.10191470G>C
1990	NC_000003.11:g.10191470G>T
2093	NC_000003.11:g.10191469A>C
2078	NC_000003.11:g.10191469A>G
1992	NC_000003.11:g.10191469A>T
2248	NC_000003.11:g.10183829A>G
1839	NC_000003.11:g.10183844A>C
2054	NC_000003.11:g.10188228C>T
1905	NC_000003.11:g.10188226del
1843	NC_000003.11:g.10188254del
2085	NC_000003.11:g.10188312C>T
3130	NC_000003.11:g.10188311A>C
1745	NC_000003.11:g.10191477C>T
2323	NC_000003.11:g.10191476delA
1875	NC_000003.11:g.10188245G>T
2380	NC_000003.11:g.10188245G>A
1970	NC_000003.11:g.10188245G>C
1909	NC_000003.11:g.10191471T>A
1934	NC_000003.11:g.10191471T>G
2076	NC_000003.11:g.10188320G>A
2437	NC_000003.11:g.10191504T>C
1775	NC_000003.11:g.10191504T>A
1825	NC_000003.11:g.10191503G>T
1910	NC_000003.11:g.10191516T>C
1826	NC_000003.11:g.10191516T>A
1806	NC_000003.11:g.10191515G>T
1935	NC_000003.11:g.10191516T>G
1847	NC_000003.11:g.10191547_10191550del
2493	NC_000003.11:g.10191588T>G
1789	NC_000003.11:g.10183727delG
1936	NC_000003.11:g.10183728T>G
1999	NC_000003.11:g.10183752T>G
2270	NG_008212.3:g.5426_5445del
1937	NC_000003.11:g.10183781G>C
1815	NC_000003.11:g.10183781G>T
2101	NC_000003.11:g.10183781G>A
2068	NC_000003.11:g.10183791T>C
2513	NC_000003.11:g.10183791T>A
2432	NC_000003.11:g.10183790_10183791insA
2249	NC_000003.11:g.10188207G>A
1821	NC_000003.11:g.10188208G>A
1767	NC_000003.11:g.10188208G>T
2521	NC_000003.11:g.10188206T>G
2522	NC_000003.11:g.10188206T>A
2523	NC_000003.11:g.10188207G>C
1294	NC_000003.11:g.10183555G>A
2151	NC_000003.11:g.10183794G>A
1908	NC_000003.11:g.10183795G>A
2124	NC_000003.11:g.10183795G>C
2039	NC_000003.11:g.10183794_10183796delinsTT
2242	NC_000003.11:g.10183794G>T
1761	NC_000003.11:g.10183793T>A
2056	NC_000003.11:g.10183793T>C
1966	NC_000003.11:g.10183794G>C
1766	NC_000003.11:g.10183867C>A
2818	NC_000003.11:g.10183866A>G
1865	NC_000003.11:g.10183865T>C
2006	NC_000003.11:g.10183865T>A
1968	NC_000003.11:g.10191475T>G
1946	NC_000003.11:g.10191474A>G
1967	NC_000003.11:g.10191473T>G
3182	NC_000003.11:g.10191473T>C
2013	NC_000003.11:g.10191473T>A
3193	NC_000003.11:g.10191474A>C
2453	NC_000003.11:g.10191472_10191477del
1932	NC_000003.11:g.10191532C>A
1969	NC_000003.11:g.10191532C>G
2138	NC_000003.11:g.10191532del
2067	NC_000003.11:g.10191531A>G
1846	NC_000003.11:g.10191530T>G
2066	NC_000003.11:g.10191530T>A
2115	NC_000003.11:g.10191562C>A
1809	NC_000003.11:g.10191562C>G
3125	NC_000003.11:g.10183825C>G
1933	NC_000003.11:g.10183824A>G
852	NC_000003.11:g.10183822_10183841del
2160	NC_000003.11:g.10183822delC
1741	NC_000003.11:g.10183823T>C
2484	NC_000003.11:g.10183823T>A
2480	NC_000003.11:g.10183824A>C
3022	NC_000003.11:g.10191943G>A
615	NC_000009.11:g.5070053_5070054insG
3161	3-10183878-G-A
877	NC_000020.11:g.58903752C>T
731	NC_000003.11:g.37056036G>A
